,T2M,RH2M,Date
0,23.2,22.06,2016-01-01
1,22.16,23.56,2016-01-02
2,22.61,23.12,2016-01-03
3,23.37,22.38,2016-01-04
4,22.92,25.56,2016-01-05
5,23.37,32.69,2016-01-06
6,23.32,33.69,2016-01-07
7,22.56,34.69,2016-01-08
8,22.05,25.62,2016-01-09
9,21.3,20.5,2016-01-10
10,21.38,22.56,2016-01-11
11,21.73,30.25,2016-01-12
12,22.12,35.25,2016-01-13
13,21.98,32.5,2016-01-14
14,20.97,26.12,2016-01-15
15,20.89,31.25,2016-01-16
16,20.85,28.5,2016-01-17
17,21.12,24.56,2016-01-18
18,19.97,24.88,2016-01-19
19,18.76,36.12,2016-01-20
20,17.82,21.06,2016-01-21
21,18.15,16.62,2016-01-22
22,18.61,14.56,2016-01-23
23,19.27,14.44,2016-01-24
24,19.69,17.06,2016-01-25
25,20.77,15.88,2016-01-26
26,21.85,34.44,2016-01-27
27,24.0,30.94,2016-01-28
28,24.8,30.25,2016-01-29
29,23.53,43.88,2016-01-30
30,23.89,41.12,2016-01-31
31,23.84,36.5,2016-02-01
32,22.19,25.62,2016-02-02
33,21.58,25.44,2016-02-03
34,21.15,16.38,2016-02-04
35,21.55,14.0,2016-02-05
36,22.01,16.0,2016-02-06
37,21.87,14.19,2016-02-07
38,21.06,14.0,2016-02-08
39,21.44,18.38,2016-02-09
40,21.52,18.06,2016-02-10
41,22.66,45.69,2016-02-11
42,21.33,30.56,2016-02-12
43,21.46,41.25,2016-02-13
44,20.81,16.0,2016-02-14
45,21.6,19.94,2016-02-15
46,24.43,29.0,2016-02-16
47,27.48,34.06,2016-02-17
48,28.15,37.75,2016-02-18
49,27.69,49.0,2016-02-19
50,26.23,35.88,2016-02-20
51,25.21,25.19,2016-02-21
52,25.43,15.12,2016-02-22
53,25.7,9.75,2016-02-23
54,25.88,8.81,2016-02-24
55,26.62,10.06,2016-02-25
56,26.66,9.75,2016-02-26
57,26.4,10.31,2016-02-27
58,26.75,9.5,2016-02-28
59,27.37,11.25,2016-02-29
60,29.0,20.19,2016-03-01
61,29.31,31.62,2016-03-02
62,29.3,30.0,2016-03-03
63,29.24,26.69,2016-03-04
64,28.15,26.69,2016-03-05
65,26.7,32.69,2016-03-06
66,28.18,25.62,2016-03-07
67,27.62,27.38,2016-03-08
68,28.51,23.94,2016-03-09
69,28.75,30.81,2016-03-10
70,29.62,30.19,2016-03-11
71,27.7,34.0,2016-03-12
72,26.07,41.19,2016-03-13
73,26.67,38.88,2016-03-14
74,28.08,19.12,2016-03-15
75,28.8,23.88,2016-03-16
76,29.87,26.56,2016-03-17
77,30.04,40.0,2016-03-18
78,30.21,33.19,2016-03-19
79,30.3,29.31,2016-03-20
80,29.2,22.19,2016-03-21
81,30.14,15.12,2016-03-22
82,30.48,8.5,2016-03-23
83,31.46,9.5,2016-03-24
84,32.55,15.25,2016-03-25
85,30.66,22.75,2016-03-26
86,31.33,20.5,2016-03-27
87,30.79,10.0,2016-03-28
88,30.47,10.31,2016-03-29
89,30.91,16.5,2016-03-30
90,30.65,24.38,2016-03-31
91,31.61,34.62,2016-04-01
92,31.73,39.44,2016-04-02
93,32.54,32.38,2016-04-03
94,31.74,31.69,2016-04-04
95,31.25,28.81,2016-04-05
96,31.33,34.06,2016-04-06
97,30.45,23.69,2016-04-07
98,29.65,29.44,2016-04-08
99,30.65,32.62,2016-04-09
100,31.91,28.5,2016-04-10
101,31.85,27.62,2016-04-11
102,32.62,23.5,2016-04-12
103,33.02,21.62,2016-04-13
104,32.58,25.88,2016-04-14
105,32.3,34.5,2016-04-15
106,33.15,30.0,2016-04-16
107,31.97,42.44,2016-04-17
108,32.7,34.62,2016-04-18
109,33.15,33.31,2016-04-19
110,32.86,24.81,2016-04-20
111,31.97,26.81,2016-04-21
112,31.16,40.88,2016-04-22
113,32.02,36.38,2016-04-23
114,31.66,34.62,2016-04-24
115,31.55,32.81,2016-04-25
116,31.83,23.31,2016-04-26
117,33.08,22.88,2016-04-27
118,34.05,26.25,2016-04-28
119,35.42,24.25,2016-04-29
120,35.0,26.94,2016-04-30
121,35.38,28.81,2016-05-01
122,34.15,33.56,2016-05-02
123,34.99,30.81,2016-05-03
124,33.3,31.81,2016-05-04
125,33.23,29.12,2016-05-05
126,34.25,29.88,2016-05-06
127,34.87,32.62,2016-05-07
128,35.53,30.88,2016-05-08
129,36.16,31.0,2016-05-09
130,36.37,30.12,2016-05-10
131,36.8,29.38,2016-05-11
132,36.58,30.94,2016-05-12
133,36.87,27.5,2016-05-13
134,35.8,34.12,2016-05-14
135,36.06,30.94,2016-05-15
136,36.55,35.0,2016-05-16
137,37.85,27.44,2016-05-17
138,39.12,27.38,2016-05-18
139,38.81,28.0,2016-05-19
140,37.2,36.88,2016-05-20
141,35.97,42.12,2016-05-21
142,35.22,46.31,2016-05-22
143,35.22,44.19,2016-05-23
144,35.7,46.06,2016-05-24
145,36.05,43.69,2016-05-25
146,36.29,44.38,2016-05-26
147,35.76,45.94,2016-05-27
148,35.76,45.44,2016-05-28
149,35.46,45.69,2016-05-29
150,35.75,43.0,2016-05-30
151,35.62,41.81,2016-05-31
152,35.58,40.56,2016-06-01
153,35.66,39.19,2016-06-02
154,35.65,36.94,2016-06-03
155,37.08,29.0,2016-06-04
156,37.93,25.5,2016-06-05
157,38.15,26.69,2016-06-06
158,36.73,36.69,2016-06-07
159,36.48,40.69,2016-06-08
160,36.25,42.25,2016-06-09
161,35.41,44.81,2016-06-10
162,35.2,46.94,2016-06-11
163,35.82,45.62,2016-06-12
164,35.33,46.69,2016-06-13
165,35.05,47.88,2016-06-14
166,35.42,45.88,2016-06-15
167,35.31,41.5,2016-06-16
168,34.49,42.88,2016-06-17
169,34.83,42.5,2016-06-18
170,34.68,43.62,2016-06-19
171,34.1,46.25,2016-06-20
172,33.54,52.69,2016-06-21
173,33.08,57.31,2016-06-22
174,31.99,59.06,2016-06-23
175,32.8,54.44,2016-06-24
176,32.5,58.62,2016-06-25
177,32.15,61.44,2016-06-26
178,32.84,58.0,2016-06-27
179,31.94,61.56,2016-06-28
180,29.16,72.06,2016-06-29
181,32.5,60.75,2016-06-30
182,32.9,61.81,2016-07-01
183,31.88,69.44,2016-07-02
184,29.72,78.0,2016-07-03
185,30.97,71.31,2016-07-04
186,32.01,63.44,2016-07-05
187,33.11,56.69,2016-07-06
188,32.72,56.12,2016-07-07
189,32.5,58.81,2016-07-08
190,31.68,62.5,2016-07-09
191,31.55,63.5,2016-07-10
192,30.93,66.44,2016-07-11
193,27.83,81.5,2016-07-12
194,28.28,80.25,2016-07-13
195,30.81,69.5,2016-07-14
196,30.98,66.38,2016-07-15
197,29.82,71.69,2016-07-16
198,29.74,70.69,2016-07-17
199,29.84,69.56,2016-07-18
200,29.85,68.69,2016-07-19
201,30.84,64.88,2016-07-20
202,31.0,62.44,2016-07-21
203,31.82,59.31,2016-07-22
204,31.29,59.69,2016-07-23
205,30.97,63.31,2016-07-24
206,28.58,75.81,2016-07-25
207,29.87,72.5,2016-07-26
208,29.48,73.56,2016-07-27
209,28.67,77.31,2016-07-28
210,28.36,76.0,2016-07-29
211,28.7,77.06,2016-07-30
212,28.98,78.0,2016-07-31
213,29.73,74.38,2016-08-01
214,29.58,73.88,2016-08-02
215,27.93,81.25,2016-08-03
216,28.87,78.38,2016-08-04
217,29.06,80.94,2016-08-05
218,28.06,81.94,2016-08-06
219,27.23,84.94,2016-08-07
220,28.73,77.38,2016-08-08
221,27.63,88.44,2016-08-09
222,27.48,87.06,2016-08-10
223,27.74,84.38,2016-08-11
224,28.3,80.88,2016-08-12
225,28.3,79.88,2016-08-13
226,28.16,79.81,2016-08-14
227,28.0,78.62,2016-08-15
228,28.17,77.94,2016-08-16
229,28.34,78.06,2016-08-17
230,28.1,77.0,2016-08-18
231,28.46,74.88,2016-08-19
232,26.92,81.69,2016-08-20
233,27.84,79.31,2016-08-21
234,28.32,80.06,2016-08-22
235,28.17,81.56,2016-08-23
236,27.2,86.81,2016-08-24
237,27.76,85.31,2016-08-25
238,28.23,83.56,2016-08-26
239,29.13,80.75,2016-08-27
240,28.64,82.75,2016-08-28
241,28.72,83.31,2016-08-29
242,28.78,85.56,2016-08-30
243,28.09,84.5,2016-08-31
244,27.35,85.19,2016-09-01
245,27.05,82.56,2016-09-02
246,27.02,78.25,2016-09-03
247,27.01,79.69,2016-09-04
248,27.08,78.56,2016-09-05
249,26.91,78.88,2016-09-06
250,27.15,78.44,2016-09-07
251,27.27,75.62,2016-09-08
252,27.6,74.62,2016-09-09
253,27.67,74.81,2016-09-10
254,27.62,73.12,2016-09-11
255,27.76,72.62,2016-09-12
256,28.69,71.62,2016-09-13
257,29.84,67.88,2016-09-14
258,30.28,67.31,2016-09-15
259,30.49,69.62,2016-09-16
260,30.33,68.81,2016-09-17
261,27.61,84.12,2016-09-18
262,27.8,80.69,2016-09-19
263,28.19,78.75,2016-09-20
264,28.25,78.81,2016-09-21
265,27.76,80.56,2016-09-22
266,28.96,74.0,2016-09-23
267,28.79,74.62,2016-09-24
268,28.76,71.12,2016-09-25
269,28.76,68.88,2016-09-26
270,28.26,68.69,2016-09-27
271,28.11,68.06,2016-09-28
272,27.49,69.88,2016-09-29
273,27.97,68.06,2016-09-30
274,26.05,77.12,2016-10-01
275,27.69,77.81,2016-10-02
276,27.41,82.75,2016-10-03
277,27.01,87.94,2016-10-04
278,26.48,87.31,2016-10-05
279,27.19,83.38,2016-10-06
280,27.73,82.38,2016-10-07
281,28.44,76.62,2016-10-08
282,28.21,75.5,2016-10-09
283,27.4,75.06,2016-10-10
284,25.9,71.94,2016-10-11
285,25.74,69.75,2016-10-12
286,26.0,66.38,2016-10-13
287,26.47,64.94,2016-10-14
288,27.48,58.62,2016-10-15
289,28.84,52.44,2016-10-16
290,29.21,46.62,2016-10-17
291,29.01,44.75,2016-10-18
292,26.69,47.94,2016-10-19
293,26.27,48.5,2016-10-20
294,25.92,59.44,2016-10-21
295,26.71,58.25,2016-10-22
296,26.87,53.19,2016-10-23
297,25.99,55.62,2016-10-24
298,25.68,58.38,2016-10-25
299,26.33,54.25,2016-10-26
300,27.67,44.19,2016-10-27
301,26.89,38.88,2016-10-28
302,25.48,44.94,2016-10-29
303,24.05,48.31,2016-10-30
304,23.95,45.25,2016-10-31
305,24.03,45.56,2016-11-01
306,23.12,48.0,2016-11-02
307,22.97,51.25,2016-11-03
308,23.39,48.38,2016-11-04
309,24.41,43.0,2016-11-05
310,25.15,38.38,2016-11-06
311,25.08,35.25,2016-11-07
312,23.96,34.81,2016-11-08
313,23.3,35.56,2016-11-09
314,24.33,33.06,2016-11-10
315,25.37,28.56,2016-11-11
316,24.55,32.56,2016-11-12
317,23.22,39.44,2016-11-13
318,22.13,37.56,2016-11-14
319,21.91,40.25,2016-11-15
320,22.4,43.0,2016-11-16
321,22.62,42.06,2016-11-17
322,23.12,40.75,2016-11-18
323,23.98,37.25,2016-11-19
324,23.75,36.44,2016-11-20
325,23.51,37.19,2016-11-21
326,23.68,34.44,2016-11-22
327,23.31,36.31,2016-11-23
328,22.91,37.81,2016-11-24
329,22.7,36.94,2016-11-25
330,23.01,33.81,2016-11-26
331,23.28,35.56,2016-11-27
332,23.12,37.06,2016-11-28
333,23.21,33.56,2016-11-29
334,22.92,33.19,2016-11-30
335,23.51,34.69,2016-12-01
336,22.76,41.19,2016-12-02
337,22.34,44.88,2016-12-03
338,22.4,43.31,2016-12-04
339,21.68,38.75,2016-12-05
340,21.45,36.94,2016-12-06
341,22.4,36.38,2016-12-07
342,22.64,35.56,2016-12-08
343,22.96,30.19,2016-12-09
344,23.57,27.0,2016-12-10
345,23.15,35.62,2016-12-11
346,22.59,39.81,2016-12-12
347,21.98,37.31,2016-12-13
348,22.28,35.44,2016-12-14
349,22.05,36.06,2016-12-15
350,21.89,29.25,2016-12-16
351,21.98,33.12,2016-12-17
352,22.53,31.12,2016-12-18
353,20.98,35.44,2016-12-19
354,21.15,33.25,2016-12-20
355,21.67,30.5,2016-12-21
356,22.58,24.31,2016-12-22
357,22.23,22.0,2016-12-23
358,22.55,24.19,2016-12-24
359,21.87,22.19,2016-12-25
360,19.48,17.19,2016-12-26
361,19.34,25.56,2016-12-27
362,21.01,24.19,2016-12-28
363,22.6,21.38,2016-12-29
364,23.37,21.62,2016-12-30
365,22.69,24.81,2016-12-31
366,22.08,27.12,2017-01-01
367,20.44,22.69,2017-01-02
368,20.4,32.94,2017-01-03
369,21.28,28.88,2017-01-04
370,21.5,25.62,2017-01-05
371,21.92,34.5,2017-01-06
372,21.81,55.69,2017-01-07
373,19.74,39.25,2017-01-08
374,18.25,43.81,2017-01-09
375,18.22,39.25,2017-01-10
376,17.22,18.81,2017-01-11
377,16.28,17.5,2017-01-12
378,16.39,14.38,2017-01-13
379,18.66,21.31,2017-01-14
380,22.08,30.44,2017-01-15
381,20.42,30.19,2017-01-16
382,19.01,32.31,2017-01-17
383,19.34,28.94,2017-01-18
384,20.46,34.38,2017-01-19
385,21.73,30.94,2017-01-20
386,22.21,34.38,2017-01-21
387,23.51,34.56,2017-01-22
388,24.4,35.38,2017-01-23
389,25.91,33.88,2017-01-24
390,25.42,31.94,2017-01-25
391,22.19,40.81,2017-01-26
392,19.48,41.31,2017-01-27
393,19.85,28.38,2017-01-28
394,21.19,26.12,2017-01-29
395,22.36,19.0,2017-01-30
396,22.3,20.06,2017-01-31
397,23.65,22.94,2017-02-01
398,23.58,22.38,2017-02-02
399,23.99,24.25,2017-02-03
400,22.94,41.44,2017-02-04
401,20.58,32.25,2017-02-05
402,18.86,15.06,2017-02-06
403,19.67,14.94,2017-02-07
404,20.94,13.81,2017-02-08
405,20.83,13.75,2017-02-09
406,20.21,17.44,2017-02-10
407,20.69,20.81,2017-02-11
408,22.4,30.19,2017-02-12
409,24.12,32.44,2017-02-13
410,25.9,34.81,2017-02-14
411,26.76,32.06,2017-02-15
412,27.4,30.12,2017-02-16
413,28.47,21.25,2017-02-17
414,28.02,20.5,2017-02-18
415,27.78,18.44,2017-02-19
416,26.62,30.81,2017-02-20
417,24.41,32.19,2017-02-21
418,24.16,34.69,2017-02-22
419,24.57,12.25,2017-02-23
420,25.04,7.06,2017-02-24
421,25.97,10.06,2017-02-25
422,27.32,15.12,2017-02-26
423,27.58,16.69,2017-02-27
424,28.19,18.0,2017-02-28
425,27.67,22.38,2017-03-01
426,26.87,26.19,2017-03-02
427,25.8,21.06,2017-03-03
428,25.79,22.0,2017-03-04
429,26.19,20.19,2017-03-05
430,26.76,15.94,2017-03-06
431,26.66,20.62,2017-03-07
432,27.05,33.31,2017-03-08
433,26.31,42.38,2017-03-09
434,26.8,40.62,2017-03-10
435,23.07,15.0,2017-03-11
436,22.24,7.06,2017-03-12
437,23.41,6.19,2017-03-13
438,24.68,6.69,2017-03-14
439,27.18,9.06,2017-03-15
440,27.01,12.69,2017-03-16
441,28.19,22.5,2017-03-17
442,28.58,35.19,2017-03-18
443,28.23,40.69,2017-03-19
444,29.52,27.19,2017-03-20
445,31.02,16.0,2017-03-21
446,30.86,17.62,2017-03-22
447,29.37,29.62,2017-03-23
448,30.05,23.94,2017-03-24
449,30.75,22.38,2017-03-25
450,32.15,20.25,2017-03-26
451,33.69,16.75,2017-03-27
452,33.3,18.94,2017-03-28
453,32.43,17.31,2017-03-29
454,31.99,22.0,2017-03-30
455,32.75,26.0,2017-03-31
456,31.79,22.62,2017-04-01
457,31.44,28.81,2017-04-02
458,31.49,36.5,2017-04-03
459,32.42,37.88,2017-04-04
460,32.77,40.12,2017-04-05
461,31.34,38.69,2017-04-06
462,28.21,27.62,2017-04-07
463,28.48,5.88,2017-04-08
464,30.25,5.31,2017-04-09
465,31.25,7.31,2017-04-10
466,32.5,8.75,2017-04-11
467,33.37,8.12,2017-04-12
468,34.12,10.94,2017-04-13
469,33.91,16.44,2017-04-14
470,33.93,21.5,2017-04-15
471,34.01,23.19,2017-04-16
472,33.96,26.0,2017-04-17
473,33.49,26.31,2017-04-18
474,33.25,31.31,2017-04-19
475,33.75,31.12,2017-04-20
476,33.33,31.5,2017-04-21
477,32.57,38.5,2017-04-22
478,31.76,40.94,2017-04-23
479,31.19,42.25,2017-04-24
480,31.73,39.94,2017-04-25
481,31.25,31.81,2017-04-26
482,31.61,35.62,2017-04-27
483,32.05,38.94,2017-04-28
484,32.29,43.19,2017-04-29
485,32.8,39.56,2017-04-30
486,33.68,32.5,2017-05-01
487,34.44,27.44,2017-05-02
488,34.37,32.31,2017-05-03
489,35.18,26.62,2017-05-04
490,35.97,19.5,2017-05-05
491,35.23,25.38,2017-05-06
492,35.15,26.69,2017-05-07
493,35.83,25.31,2017-05-08
494,35.66,24.38,2017-05-09
495,35.33,30.38,2017-05-10
496,35.86,29.44,2017-05-11
497,37.06,24.75,2017-05-12
498,37.54,24.56,2017-05-13
499,37.05,22.69,2017-05-14
500,35.94,32.56,2017-05-15
501,35.36,33.12,2017-05-16
502,35.64,30.38,2017-05-17
503,35.48,29.06,2017-05-18
504,35.42,34.0,2017-05-19
505,35.01,33.06,2017-05-20
506,34.15,41.88,2017-05-21
507,34.94,38.06,2017-05-22
508,35.76,33.75,2017-05-23
509,37.18,27.62,2017-05-24
510,36.93,32.25,2017-05-25
511,36.58,35.69,2017-05-26
512,36.14,41.75,2017-05-27
513,36.55,41.81,2017-05-28
514,36.31,44.62,2017-05-29
515,36.43,41.69,2017-05-30
516,36.3,46.38,2017-05-31
517,36.08,45.12,2017-06-01
518,37.55,40.5,2017-06-02
519,36.28,44.44,2017-06-03
520,34.71,50.5,2017-06-04
521,35.72,44.69,2017-06-05
522,35.42,46.06,2017-06-06
523,34.68,48.88,2017-06-07
524,34.23,50.56,2017-06-08
525,32.98,59.12,2017-06-09
526,31.95,64.0,2017-06-10
527,33.07,58.81,2017-06-11
528,33.23,60.38,2017-06-12
529,34.55,53.38,2017-06-13
530,35.2,50.5,2017-06-14
531,34.84,49.19,2017-06-15
532,34.54,50.56,2017-06-16
533,34.36,48.75,2017-06-17
534,34.48,49.44,2017-06-18
535,34.44,50.25,2017-06-19
536,34.26,50.88,2017-06-20
537,33.96,53.56,2017-06-21
538,33.45,55.44,2017-06-22
539,32.08,65.12,2017-06-23
540,32.25,64.06,2017-06-24
541,32.25,63.12,2017-06-25
542,32.31,63.88,2017-06-26
543,30.19,72.38,2017-06-27
544,31.33,70.56,2017-06-28
545,29.49,79.31,2017-06-29
546,29.94,76.19,2017-06-30
547,28.84,79.94,2017-07-01
548,29.89,75.19,2017-07-02
549,29.19,78.38,2017-07-03
550,29.12,75.38,2017-07-04
551,30.33,68.19,2017-07-05
552,30.73,66.94,2017-07-06
553,30.41,68.69,2017-07-07
554,30.59,67.94,2017-07-08
555,30.43,68.25,2017-07-09
556,30.44,68.25,2017-07-10
557,29.97,69.62,2017-07-11
558,29.91,70.69,2017-07-12
559,28.78,74.94,2017-07-13
560,27.67,84.19,2017-07-14
561,26.47,91.0,2017-07-15
562,27.6,85.0,2017-07-16
563,28.21,84.0,2017-07-17
564,28.46,83.25,2017-07-18
565,28.25,84.56,2017-07-19
566,28.82,82.12,2017-07-20
567,28.48,87.12,2017-07-21
568,26.62,92.62,2017-07-22
569,26.9,89.94,2017-07-23
570,26.48,90.5,2017-07-24
571,26.89,88.56,2017-07-25
572,26.07,93.06,2017-07-26
573,25.94,93.12,2017-07-27
574,26.16,89.69,2017-07-28
575,27.37,86.94,2017-07-29
576,27.4,87.06,2017-07-30
577,27.44,87.12,2017-07-31
578,27.69,86.75,2017-08-01
579,27.62,86.31,2017-08-02
580,27.48,85.38,2017-08-03
581,27.51,85.56,2017-08-04
582,27.52,84.88,2017-08-05
583,27.5,85.56,2017-08-06
584,27.82,85.44,2017-08-07
585,26.9,88.12,2017-08-08
586,27.67,85.62,2017-08-09
587,27.32,86.88,2017-08-10
588,27.3,87.19,2017-08-11
589,26.98,87.81,2017-08-12
590,27.15,86.25,2017-08-13
591,27.22,85.56,2017-08-14
592,27.43,84.38,2017-08-15
593,27.11,84.44,2017-08-16
594,27.3,83.5,2017-08-17
595,27.69,81.75,2017-08-18
596,27.16,84.88,2017-08-19
597,27.58,86.19,2017-08-20
598,28.58,85.25,2017-08-21
599,28.27,86.25,2017-08-22
600,27.56,84.75,2017-08-23
601,27.75,84.31,2017-08-24
602,27.94,84.44,2017-08-25
603,28.22,85.38,2017-08-26
604,28.04,86.38,2017-08-27
605,28.11,87.56,2017-08-28
606,28.32,87.94,2017-08-29
607,27.75,89.12,2017-08-30
608,27.14,87.12,2017-08-31
609,26.98,86.69,2017-09-01
610,26.09,90.44,2017-09-02
611,27.47,84.69,2017-09-03
612,27.39,83.44,2017-09-04
613,27.15,83.56,2017-09-05
614,26.69,81.88,2017-09-06
615,27.33,78.5,2017-09-07
616,28.09,73.69,2017-09-08
617,28.48,77.38,2017-09-09
618,28.92,77.75,2017-09-10
619,28.76,79.94,2017-09-11
620,29.83,76.44,2017-09-12
621,28.87,82.75,2017-09-13
622,28.12,84.0,2017-09-14
623,27.84,83.62,2017-09-15
624,27.3,85.25,2017-09-16
625,27.64,81.69,2017-09-17
626,28.57,78.94,2017-09-18
627,28.08,81.75,2017-09-19
628,27.53,84.31,2017-09-20
629,27.42,82.5,2017-09-21
630,26.94,84.31,2017-09-22
631,26.71,84.0,2017-09-23
632,26.94,82.12,2017-09-24
633,26.69,80.19,2017-09-25
634,26.93,78.38,2017-09-26
635,27.34,77.69,2017-09-27
636,27.19,79.0,2017-09-28
637,27.1,76.94,2017-09-29
638,27.13,75.69,2017-09-30
639,27.83,68.81,2017-10-01
640,27.33,70.5,2017-10-02
641,27.78,66.06,2017-10-03
642,26.62,73.38,2017-10-04
643,27.48,67.69,2017-10-05
644,27.31,66.94,2017-10-06
645,27.7,61.12,2017-10-07
646,28.26,58.38,2017-10-08
647,27.73,59.31,2017-10-09
648,26.61,71.75,2017-10-10
649,27.88,78.69,2017-10-11
650,28.51,74.5,2017-10-12
651,28.76,72.75,2017-10-13
652,29.37,68.44,2017-10-14
653,28.63,64.06,2017-10-15
654,27.85,60.19,2017-10-16
655,27.35,53.12,2017-10-17
656,27.24,48.69,2017-10-18
657,26.85,47.62,2017-10-19
658,26.89,42.94,2017-10-20
659,26.44,50.5,2017-10-21
660,25.12,62.38,2017-10-22
661,25.84,65.69,2017-10-23
662,26.4,61.94,2017-10-24
663,27.01,46.88,2017-10-25
664,27.12,35.62,2017-10-26
665,26.82,35.88,2017-10-27
666,26.98,35.5,2017-10-28
667,26.36,41.81,2017-10-29
668,26.45,42.0,2017-10-30
669,26.19,38.94,2017-10-31
670,25.41,40.5,2017-11-01
671,25.51,38.81,2017-11-02
672,25.2,39.69,2017-11-03
673,24.14,43.94,2017-11-04
674,23.62,51.25,2017-11-05
675,24.91,47.44,2017-11-06
676,25.08,46.69,2017-11-07
677,25.3,47.25,2017-11-08
678,25.52,43.81,2017-11-09
679,25.05,45.38,2017-11-10
680,24.52,41.0,2017-11-11
681,24.1,37.5,2017-11-12
682,23.24,38.56,2017-11-13
683,22.86,40.94,2017-11-14
684,22.41,42.94,2017-11-15
685,22.18,41.12,2017-11-16
686,21.94,45.81,2017-11-17
687,22.1,47.88,2017-11-18
688,22.07,49.56,2017-11-19
689,22.5,45.0,2017-11-20
690,23.08,43.81,2017-11-21
691,23.08,46.25,2017-11-22
692,22.01,41.06,2017-11-23
693,22.04,40.56,2017-11-24
694,21.94,34.69,2017-11-25
695,22.04,33.38,2017-11-26
696,22.17,34.69,2017-11-27
697,22.27,32.69,2017-11-28
698,21.43,35.5,2017-11-29
699,22.03,37.88,2017-11-30
700,22.48,38.44,2017-12-01
701,22.29,38.25,2017-12-02
702,21.4,42.56,2017-12-03
703,21.13,46.19,2017-12-04
704,18.76,68.56,2017-12-05
705,17.09,73.75,2017-12-06
706,20.48,63.75,2017-12-07
707,22.33,57.56,2017-12-08
708,24.73,55.44,2017-12-09
709,24.81,53.44,2017-12-10
710,22.8,59.62,2017-12-11
711,20.27,41.69,2017-12-12
712,19.18,34.75,2017-12-13
713,18.39,37.69,2017-12-14
714,18.46,44.81,2017-12-15
715,21.02,50.5,2017-12-16
716,21.82,43.88,2017-12-17
717,21.62,35.25,2017-12-18
718,19.63,29.56,2017-12-19
719,18.5,30.0,2017-12-20
720,20.27,29.19,2017-12-21
721,21.64,29.44,2017-12-22
722,21.63,32.0,2017-12-23
723,19.98,29.88,2017-12-24
724,19.69,27.0,2017-12-25
725,19.54,25.56,2017-12-26
726,20.01,26.12,2017-12-27
727,20.45,27.44,2017-12-28
728,20.14,30.06,2017-12-29
729,19.57,31.31,2017-12-30
730,19.09,33.94,2017-12-31
731,18.68,30.94,2018-01-01
732,18.62,30.12,2018-01-02
733,19.17,26.69,2018-01-03
734,19.33,30.31,2018-01-04
735,19.3,27.81,2018-01-05
736,19.36,35.25,2018-01-06
737,18.38,29.12,2018-01-07
738,18.65,28.88,2018-01-08
739,19.76,30.81,2018-01-09
740,21.26,30.25,2018-01-10
741,21.68,27.38,2018-01-11
742,23.15,29.31,2018-01-12
743,23.76,33.5,2018-01-13
744,25.59,38.38,2018-01-14
745,24.92,29.0,2018-01-15
746,25.3,29.19,2018-01-16
747,24.08,40.62,2018-01-17
748,23.83,31.56,2018-01-18
749,22.37,22.69,2018-01-19
750,21.65,23.19,2018-01-20
751,21.6,20.44,2018-01-21
752,21.74,23.56,2018-01-22
753,20.3,41.12,2018-01-23
754,20.22,18.62,2018-01-24
755,18.92,16.25,2018-01-25
756,19.51,17.0,2018-01-26
757,20.57,16.75,2018-01-27
758,21.37,18.0,2018-01-28
759,22.98,16.12,2018-01-29
760,23.27,18.06,2018-01-30
761,24.69,17.69,2018-01-31
762,24.79,18.25,2018-02-01
763,23.37,26.94,2018-02-02
764,23.31,22.38,2018-02-03
765,23.37,23.94,2018-02-04
766,24.83,24.06,2018-02-05
767,25.84,23.5,2018-02-06
768,25.35,27.5,2018-02-07
769,23.23,18.69,2018-02-08
770,22.59,11.31,2018-02-09
771,21.14,26.38,2018-02-10
772,21.9,46.5,2018-02-11
773,22.29,40.94,2018-02-12
774,22.12,27.94,2018-02-13
775,22.28,28.31,2018-02-14
776,23.37,21.69,2018-02-15
777,24.43,21.25,2018-02-16
778,24.98,20.88,2018-02-17
779,26.58,21.62,2018-02-18
780,27.66,24.94,2018-02-19
781,27.73,21.56,2018-02-20
782,27.13,21.19,2018-02-21
783,27.44,22.5,2018-02-22
784,27.89,24.69,2018-02-23
785,26.13,29.88,2018-02-24
786,27.87,24.75,2018-02-25
787,27.76,23.25,2018-02-26
788,28.72,20.25,2018-02-27
789,29.84,20.62,2018-02-28
790,30.58,18.38,2018-03-01
791,29.33,19.31,2018-03-02
792,28.13,19.56,2018-03-03
793,27.4,28.5,2018-03-04
794,27.26,28.81,2018-03-05
795,28.02,18.88,2018-03-06
796,28.62,17.38,2018-03-07
797,29.16,21.12,2018-03-08
798,28.31,25.0,2018-03-09
799,27.74,19.25,2018-03-10
800,27.86,17.69,2018-03-11
801,28.44,15.88,2018-03-12
802,27.4,20.88,2018-03-13
803,26.72,34.81,2018-03-14
804,27.59,40.5,2018-03-15
805,28.45,30.0,2018-03-16
806,29.4,19.69,2018-03-17
807,29.66,19.06,2018-03-18
808,29.61,25.06,2018-03-19
809,28.83,27.44,2018-03-20
810,27.7,34.5,2018-03-21
811,27.15,33.19,2018-03-22
812,28.06,22.38,2018-03-23
813,29.37,19.19,2018-03-24
814,31.01,14.88,2018-03-25
815,31.51,12.25,2018-03-26
816,31.73,10.94,2018-03-27
817,31.14,24.44,2018-03-28
818,31.73,21.0,2018-03-29
819,32.24,14.44,2018-03-30
820,30.94,18.56,2018-03-31
821,30.4,25.25,2018-04-01
822,30.77,20.19,2018-04-02
823,31.83,20.06,2018-04-03
824,32.3,23.19,2018-04-04
825,31.48,24.94,2018-04-05
826,31.48,34.38,2018-04-06
827,32.16,28.88,2018-04-07
828,32.1,31.0,2018-04-08
829,32.26,29.88,2018-04-09
830,32.77,28.31,2018-04-10
831,33.18,30.0,2018-04-11
832,33.44,31.12,2018-04-12
833,33.71,30.0,2018-04-13
834,33.62,30.19,2018-04-14
835,33.97,25.06,2018-04-15
836,34.17,26.56,2018-04-16
837,34.0,20.5,2018-04-17
838,34.33,12.5,2018-04-18
839,34.71,19.88,2018-04-19
840,33.11,35.81,2018-04-20
841,31.37,34.69,2018-04-21
842,31.76,15.12,2018-04-22
843,32.37,6.38,2018-04-23
844,32.39,7.56,2018-04-24
845,32.28,22.06,2018-04-25
846,33.11,34.75,2018-04-26
847,34.01,34.12,2018-04-27
848,35.38,31.81,2018-04-28
849,35.0,35.94,2018-04-29
850,34.92,39.19,2018-04-30
851,34.9,37.5,2018-05-01
852,34.37,37.12,2018-05-02
853,34.3,33.56,2018-05-03
854,34.33,37.94,2018-05-04
855,35.56,34.5,2018-05-05
856,35.34,26.19,2018-05-06
857,33.6,31.62,2018-05-07
858,33.05,40.75,2018-05-08
859,34.25,36.5,2018-05-09
860,35.81,28.94,2018-05-10
861,36.48,31.06,2018-05-11
862,35.3,29.25,2018-05-12
863,35.0,37.62,2018-05-13
864,34.9,35.56,2018-05-14
865,35.79,34.56,2018-05-15
866,35.86,32.44,2018-05-16
867,36.63,32.56,2018-05-17
868,36.69,28.62,2018-05-18
869,35.73,27.5,2018-05-19
870,36.22,27.81,2018-05-20
871,35.73,25.44,2018-05-21
872,35.74,25.44,2018-05-22
873,36.19,23.94,2018-05-23
874,36.17,18.44,2018-05-24
875,35.11,31.25,2018-05-25
876,36.62,33.56,2018-05-26
877,37.53,32.69,2018-05-27
878,36.98,37.12,2018-05-28
879,36.42,40.88,2018-05-29
880,35.9,43.19,2018-05-30
881,36.12,44.75,2018-05-31
882,36.62,41.06,2018-06-01
883,37.12,35.88,2018-06-02
884,36.91,36.62,2018-06-03
885,36.65,41.5,2018-06-04
886,37.37,37.19,2018-06-05
887,37.65,37.44,2018-06-06
888,36.72,45.38,2018-06-07
889,36.26,47.19,2018-06-08
890,35.11,49.56,2018-06-09
891,35.97,47.5,2018-06-10
892,36.42,45.44,2018-06-11
893,35.8,46.75,2018-06-12
894,35.67,45.0,2018-06-13
895,34.85,44.69,2018-06-14
896,34.89,45.12,2018-06-15
897,34.83,46.0,2018-06-16
898,35.12,45.75,2018-06-17
899,35.63,45.06,2018-06-18
900,36.44,39.69,2018-06-19
901,35.81,40.19,2018-06-20
902,35.96,42.06,2018-06-21
903,35.55,44.25,2018-06-22
904,34.57,47.88,2018-06-23
905,34.62,49.81,2018-06-24
906,33.73,50.44,2018-06-25
907,32.75,56.44,2018-06-26
908,33.62,52.12,2018-06-27
909,33.56,50.75,2018-06-28
910,32.42,56.06,2018-06-29
911,32.1,58.0,2018-06-30
912,32.59,58.06,2018-07-01
913,31.82,64.5,2018-07-02
914,30.35,72.06,2018-07-03
915,30.8,66.56,2018-07-04
916,31.22,64.38,2018-07-05
917,31.98,60.38,2018-07-06
918,32.65,55.62,2018-07-07
919,32.89,54.62,2018-07-08
920,32.76,54.38,2018-07-09
921,30.87,65.88,2018-07-10
922,29.5,75.69,2018-07-11
923,28.91,77.25,2018-07-12
924,29.37,76.0,2018-07-13
925,28.79,76.5,2018-07-14
926,28.9,81.5,2018-07-15
927,29.51,77.44,2018-07-16
928,29.69,77.69,2018-07-17
929,29.39,81.81,2018-07-18
930,29.14,80.94,2018-07-19
931,28.17,85.25,2018-07-20
932,28.12,83.19,2018-07-21
933,28.9,78.25,2018-07-22
934,28.94,77.06,2018-07-23
935,28.3,80.44,2018-07-24
936,28.51,79.56,2018-07-25
937,28.08,79.5,2018-07-26
938,28.69,77.44,2018-07-27
939,28.99,76.56,2018-07-28
940,28.99,76.69,2018-07-29
941,29.33,74.0,2018-07-30
942,29.24,73.0,2018-07-31
943,29.77,71.31,2018-08-01
944,29.31,73.5,2018-08-02
945,28.29,77.44,2018-08-03
946,29.44,71.19,2018-08-04
947,29.52,70.19,2018-08-05
948,29.38,70.56,2018-08-06
949,29.57,69.38,2018-08-07
950,28.51,75.25,2018-08-08
951,29.46,72.12,2018-08-09
952,29.58,69.69,2018-08-10
953,29.7,69.94,2018-08-11
954,29.02,73.06,2018-08-12
955,29.65,72.25,2018-08-13
956,30.47,68.38,2018-08-14
957,30.55,65.69,2018-08-15
958,29.84,68.69,2018-08-16
959,26.97,87.5,2018-08-17
960,26.92,86.75,2018-08-18
961,28.19,80.88,2018-08-19
962,27.57,82.75,2018-08-20
963,26.55,87.44,2018-08-21
964,26.83,86.75,2018-08-22
965,27.53,83.44,2018-08-23
966,27.39,82.94,2018-08-24
967,27.09,84.0,2018-08-25
968,26.34,85.12,2018-08-26
969,26.76,82.75,2018-08-27
970,26.23,83.62,2018-08-28
971,25.12,88.25,2018-08-29
972,27.09,82.88,2018-08-30
973,26.37,86.0,2018-08-31
974,26.87,84.19,2018-09-01
975,27.19,82.06,2018-09-02
976,26.87,81.69,2018-09-03
977,26.81,78.25,2018-09-04
978,26.53,77.06,2018-09-05
979,26.3,76.44,2018-09-06
980,26.48,75.19,2018-09-07
981,26.25,79.0,2018-09-08
982,25.72,83.56,2018-09-09
983,26.83,78.94,2018-09-10
984,27.66,75.88,2018-09-11
985,27.46,76.5,2018-09-12
986,27.24,76.81,2018-09-13
987,27.7,76.38,2018-09-14
988,27.81,73.25,2018-09-15
989,27.9,71.56,2018-09-16
990,28.33,67.25,2018-09-17
991,28.59,66.06,2018-09-18
992,28.87,65.25,2018-09-19
993,29.68,59.62,2018-09-20
994,30.36,51.12,2018-09-21
995,28.19,68.62,2018-09-22
996,27.82,78.38,2018-09-23
997,28.11,76.19,2018-09-24
998,28.13,72.75,2018-09-25
999,28.24,65.25,2018-09-26
1000,28.19,58.44,2018-09-27
1001,28.48,51.56,2018-09-28
1002,28.53,48.88,2018-09-29
1003,28.82,49.94,2018-09-30
1004,28.98,50.75,2018-10-01
1005,29.42,57.12,2018-10-02
1006,30.69,56.12,2018-10-03
1007,30.59,57.75,2018-10-04
1008,30.08,53.5,2018-10-05
1009,29.71,48.88,2018-10-06
1010,29.55,45.62,2018-10-07
1011,29.75,48.56,2018-10-08
1012,29.92,46.31,2018-10-09
1013,30.32,41.31,2018-10-10
1014,31.23,37.69,2018-10-11
1015,30.76,39.62,2018-10-12
1016,29.4,47.94,2018-10-13
1017,29.44,46.94,2018-10-14
1018,29.41,44.5,2018-10-15
1019,29.5,39.5,2018-10-16
1020,29.12,44.44,2018-10-17
1021,28.85,47.25,2018-10-18
1022,29.65,47.44,2018-10-19
1023,30.13,39.88,2018-10-20
1024,27.94,31.69,2018-10-21
1025,27.4,28.62,2018-10-22
1026,28.63,27.0,2018-10-23
1027,28.57,36.44,2018-10-24
1028,29.93,32.5,2018-10-25
1029,29.23,38.0,2018-10-26
1030,29.37,32.69,2018-10-27
1031,28.34,33.0,2018-10-28
1032,26.9,36.69,2018-10-29
1033,25.77,36.94,2018-10-30
1034,26.32,38.0,2018-10-31
1035,27.55,41.44,2018-11-01
1036,28.6,40.94,2018-11-02
1037,28.86,41.62,2018-11-03
1038,28.44,38.81,2018-11-04
1039,26.82,31.31,2018-11-05
1040,25.28,26.62,2018-11-06
1041,24.01,27.19,2018-11-07
1042,24.5,26.38,2018-11-08
1043,24.33,29.06,2018-11-09
1044,25.48,25.56,2018-11-10
1045,25.9,25.75,2018-11-11
1046,26.4,25.06,2018-11-12
1047,27.06,25.44,2018-11-13
1048,26.65,32.56,2018-11-14
1049,26.11,33.31,2018-11-15
1050,24.84,26.19,2018-11-16
1051,25.43,22.81,2018-11-17
1052,26.19,23.44,2018-11-18
1053,26.11,24.94,2018-11-19
1054,26.34,26.31,2018-11-20
1055,25.87,28.31,2018-11-21
1056,26.48,33.94,2018-11-22
1057,26.48,27.75,2018-11-23
1058,24.75,23.62,2018-11-24
1059,24.5,26.12,2018-11-25
1060,24.12,25.5,2018-11-26
1061,23.51,26.25,2018-11-27
1062,23.73,28.12,2018-11-28
1063,23.38,32.44,2018-11-29
1064,23.01,32.62,2018-11-30
1065,22.69,36.31,2018-12-01
1066,23.19,32.44,2018-12-02
1067,23.01,31.06,2018-12-03
1068,23.47,37.62,2018-12-04
1069,23.43,34.88,2018-12-05
1070,22.62,28.38,2018-12-06
1071,21.94,28.5,2018-12-07
1072,21.21,28.56,2018-12-08
1073,21.04,28.0,2018-12-09
1074,22.02,31.38,2018-12-10
1075,23.99,40.31,2018-12-11
1076,23.18,38.0,2018-12-12
1077,18.89,28.19,2018-12-13
1078,17.74,26.06,2018-12-14
1079,18.77,30.94,2018-12-15
1080,18.62,25.56,2018-12-16
1081,18.84,25.88,2018-12-17
1082,18.48,24.62,2018-12-18
1083,18.76,22.31,2018-12-19
1084,19.05,18.56,2018-12-20
1085,19.96,19.56,2018-12-21
1086,20.25,18.38,2018-12-22
1087,20.26,20.0,2018-12-23
1088,19.98,18.56,2018-12-24
1089,18.6,17.5,2018-12-25
1090,16.9,25.38,2018-12-26
1091,17.05,17.25,2018-12-27
1092,16.12,15.69,2018-12-28
1093,16.52,11.69,2018-12-29
1094,17.94,12.62,2018-12-30
1095,19.37,12.5,2018-12-31
1096,20.11,12.38,2019-01-01
1097,20.46,13.12,2019-01-02
1098,19.71,18.31,2019-01-03
1099,20.8,15.38,2019-01-04
1100,21.92,19.5,2019-01-05
1101,19.64,27.75,2019-01-06
1102,16.77,25.06,2019-01-07
1103,17.04,26.38,2019-01-08
1104,18.32,20.56,2019-01-09
1105,18.8,25.69,2019-01-10
1106,20.01,22.38,2019-01-11
1107,20.18,29.12,2019-01-12
1108,20.18,32.0,2019-01-13
1109,19.41,30.75,2019-01-14
1110,19.3,25.88,2019-01-15
1111,20.91,18.31,2019-01-16
1112,21.3,16.62,2019-01-17
1113,21.47,17.88,2019-01-18
1114,22.65,15.31,2019-01-19
1115,22.55,20.94,2019-01-20
1116,20.76,39.75,2019-01-21
1117,19.87,49.5,2019-01-22
1118,19.31,30.88,2019-01-23
1119,18.05,28.69,2019-01-24
1120,17.47,30.56,2019-01-25
1121,16.19,24.81,2019-01-26
1122,15.94,23.31,2019-01-27
1123,15.5,20.69,2019-01-28
1124,16.51,19.56,2019-01-29
1125,19.01,14.12,2019-01-30
1126,19.87,16.88,2019-01-31
1127,19.78,31.69,2019-02-01
1128,19.33,25.44,2019-02-02
1129,20.84,27.19,2019-02-03
1130,25.11,30.75,2019-02-04
1131,25.77,31.38,2019-02-05
1132,22.46,26.69,2019-02-06
1133,18.37,32.0,2019-02-07
1134,15.56,30.12,2019-02-08
1135,16.11,15.38,2019-02-09
1136,17.58,15.94,2019-02-10
1137,19.75,12.25,2019-02-11
1138,22.33,15.06,2019-02-12
1139,25.14,24.0,2019-02-13
1140,23.2,41.19,2019-02-14
1141,22.33,26.38,2019-02-15
1142,21.2,20.5,2019-02-16
1143,22.1,16.81,2019-02-17
1144,23.47,29.44,2019-02-18
1145,25.05,48.12,2019-02-19
1146,26.65,32.75,2019-02-20
1147,25.41,49.19,2019-02-21
1148,24.87,42.81,2019-02-22
1149,24.19,15.31,2019-02-23
1150,24.9,16.25,2019-02-24
1151,24.37,26.62,2019-02-25
1152,24.18,52.06,2019-02-26
1153,22.57,42.69,2019-02-27
1154,21.83,19.0,2019-02-28
1155,22.75,16.12,2019-03-01
1156,26.15,17.31,2019-03-02
1157,25.94,50.81,2019-03-03
1158,24.19,29.06,2019-03-04
1159,23.48,30.25,2019-03-05
1160,24.14,25.44,2019-03-06
1161,25.45,31.12,2019-03-07
1162,25.77,27.56,2019-03-08
1163,25.29,25.12,2019-03-09
1164,26.22,24.5,2019-03-10
1165,24.16,40.25,2019-03-11
1166,24.9,22.69,2019-03-12
1167,24.03,28.94,2019-03-13
1168,23.77,31.44,2019-03-14
1169,24.73,21.25,2019-03-15
1170,25.37,18.94,2019-03-16
1171,25.91,15.19,2019-03-17
1172,26.62,16.06,2019-03-18
1173,28.17,17.5,2019-03-19
1174,27.04,33.19,2019-03-20
1175,26.8,36.69,2019-03-21
1176,28.76,21.06,2019-03-22
1177,29.26,18.62,2019-03-23
1178,30.76,19.81,2019-03-24
1179,30.62,24.12,2019-03-25
1180,30.92,21.5,2019-03-26
1181,31.67,12.06,2019-03-27
1182,32.84,13.56,2019-03-28
1183,32.77,19.56,2019-03-29
1184,32.7,25.38,2019-03-30
1185,31.76,22.75,2019-03-31
1186,32.33,19.12,2019-04-01
1187,33.12,17.06,2019-04-02
1188,32.89,19.75,2019-04-03
1189,33.68,21.69,2019-04-04
1190,32.98,23.5,2019-04-05
1191,32.83,28.19,2019-04-06
1192,33.36,30.81,2019-04-07
1193,32.9,27.88,2019-04-08
1194,32.89,28.06,2019-04-09
1195,32.83,33.62,2019-04-10
1196,34.29,30.44,2019-04-11
1197,34.69,23.5,2019-04-12
1198,34.25,22.5,2019-04-13
1199,35.24,20.88,2019-04-14
1200,33.07,24.44,2019-04-15
1201,31.02,30.94,2019-04-16
1202,28.83,41.31,2019-04-17
1203,30.17,38.06,2019-04-18
1204,30.91,24.69,2019-04-19
1205,31.91,21.38,2019-04-20
1206,32.48,19.5,2019-04-21
1207,32.73,28.44,2019-04-22
1208,34.11,27.44,2019-04-23
1209,34.53,27.56,2019-04-24
1210,34.47,24.81,2019-04-25
1211,35.81,27.38,2019-04-26
1212,36.33,15.31,2019-04-27
1213,35.47,12.31,2019-04-28
1214,35.3,18.0,2019-04-29
1215,34.41,24.5,2019-04-30
1216,33.06,31.31,2019-05-01
1217,33.06,30.44,2019-05-02
1218,33.3,33.19,2019-05-03
1219,33.29,36.5,2019-05-04
1220,33.51,35.75,2019-05-05
1221,34.07,31.44,2019-05-06
1222,34.3,24.62,2019-05-07
1223,32.9,33.5,2019-05-08
1224,31.51,40.38,2019-05-09
1225,32.5,41.5,2019-05-10
1226,33.37,44.25,2019-05-11
1227,34.3,41.88,2019-05-12
1228,34.31,39.75,2019-05-13
1229,33.9,41.12,2019-05-14
1230,33.8,39.19,2019-05-15
1231,33.62,41.5,2019-05-16
1232,32.65,43.12,2019-05-17
1233,33.34,34.88,2019-05-18
1234,34.02,34.88,2019-05-19
1235,34.76,36.75,2019-05-20
1236,34.54,36.81,2019-05-21
1237,34.89,39.5,2019-05-22
1238,35.48,36.12,2019-05-23
1239,34.94,36.81,2019-05-24
1240,35.46,34.81,2019-05-25
1241,36.11,33.12,2019-05-26
1242,35.83,31.62,2019-05-27
1243,36.08,36.06,2019-05-28
1244,36.68,32.12,2019-05-29
1245,36.36,35.5,2019-05-30
1246,35.97,40.88,2019-05-31
1247,36.55,36.81,2019-06-01
1248,37.74,33.31,2019-06-02
1249,37.81,30.44,2019-06-03
1250,37.12,32.25,2019-06-04
1251,36.62,36.88,2019-06-05
1252,36.26,39.06,2019-06-06
1253,37.01,37.31,2019-06-07
1254,37.9,31.5,2019-06-08
1255,38.46,30.12,2019-06-09
1256,37.42,33.25,2019-06-10
1257,37.76,31.94,2019-06-11
1258,33.99,49.44,2019-06-12
1259,31.1,65.5,2019-06-13
1260,31.14,64.0,2019-06-14
1261,31.87,61.62,2019-06-15
1262,32.8,61.25,2019-06-16
1263,32.62,59.62,2019-06-17
1264,29.98,73.56,2019-06-18
1265,32.3,59.88,2019-06-19
1266,32.83,53.88,2019-06-20
1267,33.0,54.75,2019-06-21
1268,34.24,53.5,2019-06-22
1269,34.12,55.12,2019-06-23
1270,32.87,63.12,2019-06-24
1271,32.81,62.62,2019-06-25
1272,33.34,58.06,2019-06-26
1273,33.72,56.75,2019-06-27
1274,32.87,59.56,2019-06-28
1275,32.81,60.31,2019-06-29
1276,32.25,62.88,2019-06-30
1277,31.94,62.81,2019-07-01
1278,32.74,59.62,2019-07-02
1279,30.18,70.69,2019-07-03
1280,30.01,73.88,2019-07-04
1281,30.18,71.06,2019-07-05
1282,28.76,82.19,2019-07-06
1283,30.87,73.19,2019-07-07
1284,31.59,67.88,2019-07-08
1285,31.44,69.44,2019-07-09
1286,32.43,62.25,2019-07-10
1287,31.94,62.88,2019-07-11
1288,32.13,62.69,2019-07-12
1289,32.21,62.38,2019-07-13
1290,32.74,57.62,2019-07-14
1291,32.44,58.62,2019-07-15
1292,32.84,57.06,2019-07-16
1293,32.79,57.31,2019-07-17
1294,32.29,57.69,2019-07-18
1295,33.19,55.81,2019-07-19
1296,33.87,53.19,2019-07-20
1297,32.94,59.25,2019-07-21
1298,32.15,65.69,2019-07-22
1299,32.62,66.94,2019-07-23
1300,31.87,69.38,2019-07-24
1301,30.86,68.38,2019-07-25
1302,29.75,72.62,2019-07-26
1303,30.23,70.81,2019-07-27
1304,29.12,75.31,2019-07-28
1305,28.45,80.31,2019-07-29
1306,29.12,75.31,2019-07-30
1307,28.9,78.5,2019-07-31
1308,27.18,87.94,2019-08-01
1309,28.68,83.38,2019-08-02
1310,28.02,87.62,2019-08-03
1311,27.75,87.69,2019-08-04
1312,27.7,85.81,2019-08-05
1313,28.98,81.5,2019-08-06
1314,28.8,81.75,2019-08-07
1315,27.82,86.5,2019-08-08
1316,26.95,92.56,2019-08-09
1317,26.87,90.69,2019-08-10
1318,27.41,88.5,2019-08-11
1319,27.74,85.19,2019-08-12
1320,28.34,84.94,2019-08-13
1321,28.08,86.62,2019-08-14
1322,26.66,91.75,2019-08-15
1323,27.53,87.69,2019-08-16
1324,27.53,86.94,2019-08-17
1325,27.96,85.0,2019-08-18
1326,28.14,84.06,2019-08-19
1327,28.26,84.25,2019-08-20
1328,27.92,83.44,2019-08-21
1329,27.54,83.5,2019-08-22
1330,27.62,82.5,2019-08-23
1331,28.07,80.69,2019-08-24
1332,27.99,80.94,2019-08-25
1333,26.18,90.19,2019-08-26
1334,26.76,88.38,2019-08-27
1335,27.07,89.19,2019-08-28
1336,27.88,87.19,2019-08-29
1337,28.07,86.62,2019-08-30
1338,28.5,85.81,2019-08-31
1339,28.37,88.25,2019-09-01
1340,27.87,88.69,2019-09-02
1341,28.04,87.31,2019-09-03
1342,28.23,89.75,2019-09-04
1343,27.81,91.69,2019-09-05
1344,28.22,91.06,2019-09-06
1345,28.22,90.0,2019-09-07
1346,27.63,92.44,2019-09-08
1347,27.52,94.38,2019-09-09
1348,28.08,91.5,2019-09-10
1349,27.55,90.44,2019-09-11
1350,27.55,89.5,2019-09-12
1351,27.01,91.44,2019-09-13
1352,27.35,91.06,2019-09-14
1353,27.25,90.12,2019-09-15
1354,27.46,87.5,2019-09-16
1355,28.1,85.25,2019-09-17
1356,28.65,87.38,2019-09-18
1357,27.94,86.44,2019-09-19
1358,27.4,86.75,2019-09-20
1359,27.2,88.25,2019-09-21
1360,27.98,84.94,2019-09-22
1361,27.93,86.06,2019-09-23
1362,28.26,82.94,2019-09-24
1363,27.8,86.06,2019-09-25
1364,27.25,89.69,2019-09-26
1365,26.2,92.44,2019-09-27
1366,26.67,91.69,2019-09-28
1367,26.39,90.06,2019-09-29
1368,26.51,90.5,2019-09-30
1369,26.73,90.31,2019-10-01
1370,27.06,87.19,2019-10-02
1371,27.08,85.31,2019-10-03
1372,26.71,85.06,2019-10-04
1373,27.08,80.12,2019-10-05
1374,27.19,78.0,2019-10-06
1375,26.65,82.06,2019-10-07
1376,26.83,81.44,2019-10-08
1377,27.22,80.38,2019-10-09
1378,26.43,79.62,2019-10-10
1379,25.63,71.75,2019-10-11
1380,25.07,72.75,2019-10-12
1381,25.35,72.94,2019-10-13
1382,26.58,70.19,2019-10-14
1383,27.37,69.81,2019-10-15
1384,26.25,77.94,2019-10-16
1385,26.05,77.94,2019-10-17
1386,26.34,79.06,2019-10-18
1387,24.82,86.31,2019-10-19
1388,25.33,86.56,2019-10-20
1389,25.4,84.75,2019-10-21
1390,24.92,86.44,2019-10-22
1391,24.23,85.44,2019-10-23
1392,23.51,82.5,2019-10-24
1393,22.4,80.31,2019-10-25
1394,22.57,82.62,2019-10-26
1395,23.06,89.25,2019-10-27
1396,25.0,88.12,2019-10-28
1397,25.61,86.19,2019-10-29
1398,26.16,81.69,2019-10-30
1399,26.34,83.44,2019-10-31
1400,25.51,84.12,2019-11-01
1401,24.73,88.19,2019-11-02
1402,25.33,82.25,2019-11-03
1403,26.05,77.75,2019-11-04
1404,25.68,79.06,2019-11-05
1405,25.76,76.94,2019-11-06
1406,25.19,81.31,2019-11-07
1407,24.8,80.81,2019-11-08
1408,24.55,83.31,2019-11-09
1409,25.54,80.44,2019-11-10
1410,25.41,76.19,2019-11-11
1411,24.94,76.25,2019-11-12
1412,23.9,84.38,2019-11-13
1413,23.3,83.19,2019-11-14
1414,22.57,79.88,2019-11-15
1415,22.76,79.0,2019-11-16
1416,22.32,78.12,2019-11-17
1417,22.21,73.44,2019-11-18
1418,21.67,74.0,2019-11-19
1419,21.38,74.94,2019-11-20
1420,22.23,81.0,2019-11-21
1421,22.01,80.38,2019-11-22
1422,20.95,85.25,2019-11-23
1423,22.69,78.88,2019-11-24
1424,22.44,79.31,2019-11-25
1425,22.58,79.5,2019-11-26
1426,22.83,78.38,2019-11-27
1427,22.89,78.69,2019-11-28
1428,22.37,78.5,2019-11-29
1429,21.77,78.75,2019-11-30
1430,21.87,74.62,2019-12-01
1431,21.4,74.94,2019-12-02
1432,20.98,77.44,2019-12-03
1433,20.68,77.12,2019-12-04
1434,22.39,74.94,2019-12-05
1435,20.33,67.62,2019-12-06
1436,18.82,68.5,2019-12-07
1437,18.49,72.19,2019-12-08
1438,19.23,74.44,2019-12-09
1439,19.82,72.75,2019-12-10
1440,20.02,62.5,2019-12-11
1441,20.37,66.81,2019-12-12
1442,19.87,76.5,2019-12-13
1443,17.63,68.75,2019-12-14
1444,16.46,66.88,2019-12-15
1445,15.36,64.56,2019-12-16
1446,15.29,65.0,2019-12-17
1447,16.58,70.75,2019-12-18
1448,18.9,68.38,2019-12-19
1449,19.59,69.19,2019-12-20
1450,20.14,65.5,2019-12-21
1451,19.8,73.31,2019-12-22
1452,20.14,73.69,2019-12-23
1453,21.35,75.5,2019-12-24
1454,19.38,73.19,2019-12-25
1455,17.11,64.94,2019-12-26
1456,14.57,52.69,2019-12-27
1457,13.88,54.0,2019-12-28
1458,14.43,58.56,2019-12-29
1459,15.68,59.75,2019-12-30
1460,16.52,65.69,2019-12-31
1461,17.23,70.75,2020-01-01
1462,18.01,72.56,2020-01-02
1463,17.06,68.88,2020-01-03
1464,16.87,65.44,2020-01-04
1465,16.67,61.12,2020-01-05
1466,18.26,61.69,2020-01-06
1467,19.76,65.0,2020-01-07
1468,18.15,56.25,2020-01-08
1469,14.55,48.25,2020-01-09
1470,14.19,51.19,2020-01-10
1471,16.55,59.56,2020-01-11
1472,19.94,64.56,2020-01-12
1473,19.58,73.0,2020-01-13
1474,16.92,54.0,2020-01-14
1475,15.45,49.75,2020-01-15
1476,13.96,57.38,2020-01-16
1477,15.14,63.94,2020-01-17
1478,15.53,51.81,2020-01-18
1479,15.9,53.69,2020-01-19
1480,17.12,51.12,2020-01-20
1481,18.05,44.94,2020-01-21
1482,18.15,45.12,2020-01-22
1483,17.87,51.44,2020-01-23
1484,18.41,45.88,2020-01-24
1485,20.08,39.75,2020-01-25
1486,20.83,40.69,2020-01-26
1487,21.08,48.31,2020-01-27
1488,18.91,54.62,2020-01-28
1489,17.21,48.44,2020-01-29
1490,17.81,37.12,2020-01-30
1491,16.99,45.81,2020-01-31
1492,17.46,38.56,2020-02-01
1493,18.27,41.75,2020-02-02
1494,18.49,42.69,2020-02-03
1495,18.68,39.75,2020-02-04
1496,18.62,38.19,2020-02-05
1497,18.65,39.88,2020-02-06
1498,18.03,33.38,2020-02-07
1499,17.77,34.38,2020-02-08
1500,17.77,36.38,2020-02-09
1501,18.69,34.5,2020-02-10
1502,21.05,41.19,2020-02-11
1503,22.89,39.25,2020-02-12
1504,23.07,36.75,2020-02-13
1505,22.94,33.94,2020-02-14
1506,23.35,31.62,2020-02-15
1507,23.8,34.81,2020-02-16
1508,24.03,26.62,2020-02-17
1509,24.78,25.56,2020-02-18
1510,26.09,28.44,2020-02-19
1511,24.16,38.75,2020-02-20
1512,23.24,36.88,2020-02-21
1513,22.94,26.25,2020-02-22
1514,22.86,33.88,2020-02-23
1515,22.98,35.62,2020-02-24
1516,24.96,30.31,2020-02-25
1517,26.35,27.94,2020-02-26
1518,27.15,27.44,2020-02-27
1519,27.62,27.38,2020-02-28
1520,26.45,30.81,2020-02-29
1521,26.07,30.44,2020-03-01
1522,25.55,32.69,2020-03-02
1523,25.72,35.38,2020-03-03
1524,24.3,44.88,2020-03-04
1525,23.94,53.75,2020-03-05
1526,22.94,48.81,2020-03-06
1527,22.64,27.31,2020-03-07
1528,23.96,24.94,2020-03-08
1529,23.83,33.12,2020-03-09
1530,24.2,48.62,2020-03-10
1531,23.51,50.06,2020-03-11
1532,21.19,40.88,2020-03-12
1533,20.4,32.62,2020-03-13
1534,22.41,22.94,2020-03-14
1535,23.23,25.25,2020-03-15
1536,25.3,24.5,2020-03-16
1537,27.54,22.25,2020-03-17
1538,28.38,21.44,2020-03-18
1539,28.67,21.0,2020-03-19
1540,26.69,32.81,2020-03-20
1541,27.13,44.62,2020-03-21
1542,29.74,41.31,2020-03-22
1543,31.89,31.5,2020-03-23
1544,31.58,27.12,2020-03-24
1545,30.45,29.19,2020-03-25
1546,28.11,47.81,2020-03-26
1547,26.23,53.19,2020-03-27
1548,26.61,36.19,2020-03-28
1549,28.41,26.12,2020-03-29
1550,29.52,25.38,2020-03-30
1551,29.66,23.94,2020-03-31
1552,29.52,34.56,2020-04-01
1553,30.3,22.75,2020-04-02
1554,30.82,20.0,2020-04-03
1555,31.18,19.12,2020-04-04
1556,31.73,17.62,2020-04-05
1557,32.03,18.44,2020-04-06
1558,30.9,25.38,2020-04-07
1559,30.83,37.25,2020-04-08
1560,31.75,34.5,2020-04-09
1561,32.19,25.69,2020-04-10
1562,34.46,17.19,2020-04-11
1563,35.05,15.75,2020-04-12
1564,34.8,15.88,2020-04-13
1565,35.4,18.69,2020-04-14
1566,34.76,20.94,2020-04-15
1567,35.17,24.25,2020-04-16
1568,34.5,24.88,2020-04-17
1569,34.9,23.88,2020-04-18
1570,34.32,26.5,2020-04-19
1571,33.15,33.12,2020-04-20
1572,34.19,32.25,2020-04-21
1573,35.06,27.62,2020-04-22
1574,35.15,31.62,2020-04-23
1575,34.68,33.56,2020-04-24
1576,32.9,37.25,2020-04-25
1577,34.23,31.94,2020-04-26
1578,34.28,32.0,2020-04-27
1579,34.73,28.62,2020-04-28
1580,35.9,22.75,2020-04-29
1581,36.48,23.62,2020-04-30
1582,36.29,25.75,2020-05-01
1583,35.69,31.62,2020-05-02
1584,34.99,33.62,2020-05-03
1585,35.27,38.31,2020-05-04
1586,36.08,32.12,2020-05-05
1587,36.22,26.81,2020-05-06
1588,35.03,26.75,2020-05-07
1589,35.3,30.0,2020-05-08
1590,35.86,28.88,2020-05-09
1591,35.11,32.94,2020-05-10
1592,34.37,38.0,2020-05-11
1593,34.58,40.38,2020-05-12
1594,35.53,36.94,2020-05-13
1595,35.76,33.19,2020-05-14
1596,36.44,30.38,2020-05-15
1597,36.5,28.44,2020-05-16
1598,35.33,32.88,2020-05-17
1599,35.15,32.12,2020-05-18
1600,35.48,31.19,2020-05-19
1601,36.34,25.62,2020-05-20
1602,36.8,22.5,2020-05-21
1603,36.21,29.5,2020-05-22
1604,36.0,33.31,2020-05-23
1605,36.84,28.88,2020-05-24
1606,36.73,29.5,2020-05-25
1607,36.58,33.06,2020-05-26
1608,36.29,41.5,2020-05-27
1609,36.18,44.75,2020-05-28
1610,34.65,51.31,2020-05-29
1611,34.98,48.19,2020-05-30
1612,34.53,43.69,2020-05-31
1613,34.24,45.31,2020-06-01
1614,34.89,43.31,2020-06-02
1615,34.89,39.88,2020-06-03
1616,35.01,37.62,2020-06-04
1617,33.55,52.0,2020-06-05
1618,31.8,62.06,2020-06-06
1619,31.23,63.31,2020-06-07
1620,31.3,60.56,2020-06-08
1621,30.62,63.31,2020-06-09
1622,31.35,69.0,2020-06-10
1623,32.11,66.19,2020-06-11
1624,31.27,68.94,2020-06-12
1625,29.38,81.25,2020-06-13
1626,31.06,72.62,2020-06-14
1627,31.55,72.31,2020-06-15
1628,33.15,65.38,2020-06-16
1629,31.97,67.88,2020-06-17
1630,31.63,68.38,2020-06-18
1631,32.26,67.19,2020-06-19
1632,32.14,67.44,2020-06-20
1633,31.79,68.12,2020-06-21
1634,31.92,65.38,2020-06-22
1635,32.11,63.38,2020-06-23
1636,31.03,70.19,2020-06-24
1637,31.21,70.38,2020-06-25
1638,31.24,68.31,2020-06-26
1639,32.83,61.31,2020-06-27
1640,32.65,62.12,2020-06-28
1641,32.3,64.56,2020-06-29
1642,31.58,66.62,2020-06-30
1643,31.77,65.94,2020-07-01
1644,31.97,63.19,2020-07-02
1645,31.6,69.44,2020-07-03
1646,30.22,77.12,2020-07-04
1647,30.76,71.94,2020-07-05
1648,28.41,83.75,2020-07-06
1649,30.08,75.19,2020-07-07
1650,30.2,75.06,2020-07-08
1651,30.63,73.19,2020-07-09
1652,30.53,75.12,2020-07-10
1653,30.2,77.62,2020-07-11
1654,29.61,79.25,2020-07-12
1655,29.9,76.0,2020-07-13
1656,29.91,77.75,2020-07-14
1657,29.94,78.56,2020-07-15
1658,28.95,84.5,2020-07-16
1659,29.48,78.31,2020-07-17
1660,30.08,77.19,2020-07-18
1661,30.75,74.31,2020-07-19
1662,30.31,74.62,2020-07-20
1663,30.48,72.81,2020-07-21
1664,30.41,73.06,2020-07-22
1665,30.46,73.88,2020-07-23
1666,29.9,77.62,2020-07-24
1667,29.67,79.94,2020-07-25
1668,28.7,80.94,2020-07-26
1669,30.11,75.31,2020-07-27
1670,30.01,77.0,2020-07-28
1671,29.38,79.25,2020-07-29
1672,30.03,76.62,2020-07-30
1673,29.49,80.12,2020-07-31
1674,30.0,78.31,2020-08-01
1675,29.37,80.0,2020-08-02
1676,30.26,75.94,2020-08-03
1677,30.66,76.56,2020-08-04
1678,31.37,74.94,2020-08-05
1679,30.3,79.31,2020-08-06
1680,29.43,80.44,2020-08-07
1681,29.5,80.5,2020-08-08
1682,29.03,83.25,2020-08-09
1683,28.91,83.81,2020-08-10
1684,28.4,85.31,2020-08-11
1685,27.78,89.62,2020-08-12
1686,27.85,90.5,2020-08-13
1687,28.03,89.12,2020-08-14
1688,28.14,86.31,2020-08-15
1689,28.3,87.44,2020-08-16
1690,27.73,90.5,2020-08-17
1691,27.74,90.31,2020-08-18
1692,27.62,90.69,2020-08-19
1693,27.82,89.56,2020-08-20
1694,27.97,88.94,2020-08-21
1695,27.62,91.81,2020-08-22
1696,26.77,93.88,2020-08-23
1697,26.63,93.62,2020-08-24
1698,27.39,88.69,2020-08-25
1699,27.41,87.31,2020-08-26
1700,27.21,87.88,2020-08-27
1701,27.37,88.94,2020-08-28
1702,27.46,89.88,2020-08-29
1703,26.43,93.19,2020-08-30
1704,26.3,90.38,2020-08-31
1705,27.38,86.88,2020-09-01
1706,27.66,82.44,2020-09-02
1707,26.91,85.75,2020-09-03
1708,28.17,81.06,2020-09-04
1709,28.63,80.56,2020-09-05
1710,28.4,84.62,2020-09-06
1711,28.34,85.38,2020-09-07
1712,28.24,84.38,2020-09-08
1713,28.65,82.25,2020-09-09
1714,28.66,84.75,2020-09-10
1715,28.62,83.25,2020-09-11
1716,29.23,80.5,2020-09-12
1717,28.51,85.5,2020-09-13
1718,28.15,88.12,2020-09-14
1719,27.38,91.25,2020-09-15
1720,27.62,90.44,2020-09-16
1721,27.68,87.5,2020-09-17
1722,27.9,85.75,2020-09-18
1723,28.12,86.25,2020-09-19
1724,28.18,87.44,2020-09-20
1725,28.26,88.56,2020-09-21
1726,29.03,84.0,2020-09-22
1727,28.23,88.81,2020-09-23
1728,28.1,88.88,2020-09-24
1729,28.08,86.62,2020-09-25
1730,27.0,85.94,2020-09-26
1731,26.33,79.75,2020-09-27
1732,26.92,76.94,2020-09-28
1733,26.65,80.88,2020-09-29
1734,26.94,83.38,2020-09-30
1735,27.49,81.31,2020-10-01
1736,27.4,82.44,2020-10-02
1737,27.08,81.12,2020-10-03
1738,26.33,80.19,2020-10-04
1739,27.11,79.81,2020-10-05
1740,27.09,74.5,2020-10-06
1741,26.73,77.5,2020-10-07
1742,26.62,70.75,2020-10-08
1743,27.01,65.56,2020-10-09
1744,27.59,65.12,2020-10-10
1745,28.06,63.06,2020-10-11
1746,27.69,62.12,2020-10-12
1747,26.39,64.19,2020-10-13
1748,26.33,71.25,2020-10-14
1749,27.42,87.5,2020-10-15
1750,27.33,87.06,2020-10-16
1751,28.39,83.31,2020-10-17
1752,28.17,86.62,2020-10-18
1753,28.08,86.56,2020-10-19
1754,28.22,84.62,2020-10-20
1755,28.48,82.12,2020-10-21
1756,27.16,68.56,2020-10-22
1757,25.63,50.69,2020-10-23
1758,24.65,60.38,2020-10-24
1759,25.32,65.0,2020-10-25
1760,24.94,60.38,2020-10-26
1761,24.48,58.31,2020-10-27
1762,24.42,53.38,2020-10-28
1763,23.79,58.31,2020-10-29
1764,24.21,59.75,2020-10-30
1765,23.8,61.81,2020-10-31
1766,22.39,58.62,2020-11-01
1767,22.24,61.62,2020-11-02
1768,23.29,57.0,2020-11-03
1769,23.09,51.94,2020-11-04
1770,22.7,59.0,2020-11-05
1771,22.73,63.81,2020-11-06
1772,21.65,65.44,2020-11-07
1773,21.05,68.0,2020-11-08
1774,20.77,66.75,2020-11-09
1775,21.26,62.31,2020-11-10
1776,20.39,60.19,2020-11-11
1777,18.9,69.75,2020-11-12
1778,21.3,68.31,2020-11-13
1779,24.65,74.06,2020-11-14
1780,25.22,71.38,2020-11-15
1781,23.44,61.12,2020-11-16
1782,21.21,64.56,2020-11-17
1783,20.26,65.69,2020-11-18
1784,19.17,61.5,2020-11-19
1785,18.58,59.94,2020-11-20
1786,18.46,60.25,2020-11-21
1787,18.76,59.88,2020-11-22
1788,19.63,59.06,2020-11-23
1789,20.94,54.5,2020-11-24
1790,22.37,57.81,2020-11-25
1791,22.65,65.12,2020-11-26
1792,20.75,59.0,2020-11-27
1793,19.82,58.31,2020-11-28
1794,21.44,60.88,2020-11-29
1795,23.46,60.94,2020-11-30
1796,23.13,54.38,2020-12-01
1797,22.18,50.25,2020-12-02
1798,22.69,47.44,2020-12-03
1799,23.33,49.56,2020-12-04
1800,23.5,45.75,2020-12-05
1801,23.25,47.81,2020-12-06
1802,23.2,47.19,2020-12-07
1803,22.73,49.94,2020-12-08
1804,22.98,51.62,2020-12-09
1805,23.53,55.5,2020-12-10
1806,21.2,81.25,2020-12-11
1807,21.8,72.44,2020-12-12
1808,21.06,57.44,2020-12-13
1809,20.86,70.81,2020-12-14
1810,20.01,69.69,2020-12-15
1811,19.21,64.75,2020-12-16
1812,18.66,56.38,2020-12-17
1813,18.3,53.56,2020-12-18
1814,18.9,47.75,2020-12-19
1815,18.76,43.06,2020-12-20
1816,19.48,44.12,2020-12-21
1817,19.21,40.62,2020-12-22
1818,19.0,43.12,2020-12-23
1819,19.31,44.0,2020-12-24
1820,20.27,48.38,2020-12-25
1821,20.48,50.56,2020-12-26
1822,19.34,45.06,2020-12-27
1823,13.94,32.06,2020-12-28
1824,14.34,32.56,2020-12-29
1825,15.33,36.5,2020-12-30
1826,18.11,48.38,2020-12-31
1827,20.42,58.0,2021-01-01
